City_ID,City,Country,Date,Lat,Lng,Max Temp,Humidity,Cloudiness,Wind Speed,Current Description
0,Nenjiang,CN,2022-04-25 21:15:13,49.1833,125.2167,36.12,97,100,16.82,overcast clouds
1,Zyryanka,RU,2022-04-25 21:15:13,65.75,150.85,11.21,93,92,10.76,overcast clouds
2,Omsukchan,RU,2022-04-25 21:15:14,62.5333,155.8,20.61,94,100,10.2,snow
3,Rikitea,PF,2022-04-25 21:15:14,-23.1203,-134.9692,76.78,74,73,14.85,light rain
4,Tuktoyaktuk,CA,2022-04-25 21:05:36,69.4541,-133.0374,32.95,95,100,5.93,overcast clouds
5,Arrecife,ES,2022-04-25 21:15:15,28.963,-13.5477,67.98,73,20,5.75,few clouds
6,Bluff,NZ,2022-04-25 21:15:15,-46.6,168.3333,51.8,67,98,24.14,overcast clouds
7,Hobart,AU,2022-04-25 21:14:42,-42.8794,147.3294,49.26,94,20,5.75,fog
8,Caraquet,CA,2022-04-25 21:13:02,47.7941,-64.9386,43.14,80,100,5.64,overcast clouds
9,Akdepe,TM,2022-04-25 21:15:16,42.0551,59.3788,62.44,45,100,13.62,overcast clouds
10,Albany,US,2022-04-25 21:15:07,42.6001,-73.9662,69.24,34,100,5.99,overcast clouds
11,Puerto Ayora,EC,2022-04-25 21:15:17,-0.7393,-90.3518,76.96,78,86,11.14,overcast clouds
12,Butaritari,KI,2022-04-25 21:15:18,3.0707,172.7902,79.81,83,35,13.56,light rain
13,Reforma,MX,2022-04-25 21:15:18,18.1,-91.0167,99.43,28,7,2.64,clear sky
14,Carnarvon,AU,2022-04-25 21:07:07,-24.8667,113.6333,64.47,94,40,8.05,scattered clouds
15,Broome,US,2022-04-25 21:15:19,42.2506,-75.833,72.68,51,0,18.41,clear sky
16,Nemuro,JP,2022-04-25 21:15:19,43.3236,145.575,39.72,88,13,5.82,few clouds
17,Bumba,CD,2022-04-25 21:15:20,2.1833,22.4667,73.4,88,69,0.51,light rain
18,Talnakh,RU,2022-04-25 21:07:06,69.4865,88.3972,0.82,98,100,5.06,overcast clouds
19,Tasiilaq,GL,2022-04-25 21:15:21,65.6145,-37.6368,32.16,96,100,8.41,light snow
20,Hermanus,ZA,2022-04-25 21:15:21,-34.4187,19.2345,50.81,72,0,6.15,clear sky
21,Cabo San Lucas,MX,2022-04-25 21:07:06,22.8909,-109.9124,84.61,60,0,10.36,clear sky
22,Bonthe,SL,2022-04-25 21:12:50,7.5264,-12.505,80.69,85,83,10.98,broken clouds
23,Bambanglipuro,ID,2022-04-25 21:07:02,-7.95,110.2833,76.82,89,84,3.74,broken clouds
24,Dingle,PH,2022-04-25 21:15:22,10.9995,122.6711,77.74,88,65,6.89,broken clouds
25,Punta Arenas,CL,2022-04-25 21:14:04,-53.15,-70.9167,42.91,70,40,21.85,scattered clouds
26,Khatanga,RU,2022-04-25 21:15:23,71.9667,102.5,-9.0,100,100,5.12,overcast clouds
27,Mar Del Plata,AR,2022-04-25 21:13:10,-38.0023,-57.5575,60.87,72,0,8.05,clear sky
28,Qaanaaq,GL,2022-04-25 21:05:51,77.484,-69.3632,10.69,71,61,5.44,broken clouds
29,San Cristobal,VE,2022-04-25 21:15:23,7.7669,-72.225,71.78,55,57,3.71,broken clouds
30,Ust-Nera,RU,2022-04-25 21:15:24,64.5667,143.2,9.48,98,94,4.14,overcast clouds
31,Ushuaia,AR,2022-04-25 21:15:24,-54.8,-68.3,42.46,70,75,17.27,broken clouds
32,Tilichiki,RU,2022-04-25 21:15:25,60.4667,166.1,25.79,91,100,11.27,overcast clouds
33,Vaini,TO,2022-04-25 21:15:25,-21.2,-175.2,72.28,87,100,7.11,moderate rain
34,Ribeira Grande,PT,2022-04-25 21:15:26,38.5167,-28.7,58.98,67,82,9.57,broken clouds
35,Kapit,MY,2022-04-25 21:15:26,2.0167,112.9333,71.55,99,100,1.14,overcast clouds
36,Hilo,US,2022-04-25 21:15:26,19.7297,-155.09,82.27,78,100,5.75,overcast clouds
37,La Asuncion,VE,2022-04-25 21:15:27,11.0333,-63.8628,92.93,52,100,14.97,overcast clouds
38,Atuona,PF,2022-04-25 21:15:27,-9.8,-139.0333,78.28,79,24,16.06,light rain
39,Esperance,AU,2022-04-25 21:15:28,-33.8667,121.9,70.21,40,100,23.06,overcast clouds
40,Bystryy Istok,RU,2022-04-25 21:15:28,52.371,84.3873,36.39,73,100,3.09,overcast clouds
41,Safaga,EG,2022-04-25 21:15:28,26.7292,33.9365,78.44,44,1,6.64,clear sky
42,Kologriv,RU,2022-04-25 21:15:29,58.8275,44.3178,47.25,96,100,7.76,overcast clouds
43,Dikson,RU,2022-04-25 21:15:29,73.5069,80.5464,5.52,99,100,2.35,overcast clouds
44,Norman Wells,CA,2022-04-25 21:15:30,65.282,-126.8329,44.64,57,75,5.75,broken clouds
45,Pevek,RU,2022-04-25 21:15:30,69.7008,170.3133,17.17,78,100,1.79,overcast clouds
46,Sibolga,ID,2022-04-25 21:16:31,1.7427,98.7792,76.19,94,100,2.13,overcast clouds
47,Santa Maria,BR,2022-04-25 21:13:22,-29.6842,-53.8069,79.92,69,88,10.76,moderate rain
48,Rawson,AR,2022-04-25 21:16:31,-43.3002,-65.1023,62.53,30,100,24.99,overcast clouds
49,Monrovia,LR,2022-04-25 21:16:32,6.3005,-10.7969,80.37,84,99,10.27,overcast clouds
50,Takoradi,GH,2022-04-25 21:16:32,4.8845,-1.7554,79.92,87,16,6.13,light rain
51,Port Alfred,ZA,2022-04-25 21:16:33,-33.5906,26.891,59.85,77,31,13.38,scattered clouds
52,Sur,OM,2022-04-25 21:05:41,22.5667,59.5289,85.62,46,1,12.35,clear sky
53,Nanortalik,GL,2022-04-25 21:16:33,60.1432,-45.2371,35.28,89,98,6.02,overcast clouds
54,Kapaa,US,2022-04-25 21:16:34,22.0752,-159.319,80.58,76,75,17.27,broken clouds
55,Hithadhoo,MV,2022-04-25 21:16:34,-0.6,73.0833,83.52,74,80,6.89,broken clouds
56,Mahebourg,MU,2022-04-25 21:16:35,-20.4081,57.7,73.69,88,40,12.66,scattered clouds
57,Avarua,CK,2022-04-25 21:16:35,-21.2078,-159.775,82.45,78,20,9.22,few clouds
58,Fairbanks,US,2022-04-25 21:16:35,64.8378,-147.7164,48.22,43,75,3.44,broken clouds
59,Muros,ES,2022-04-25 21:16:36,42.7762,-9.0603,53.83,80,91,6.8,overcast clouds
60,Victoria,HK,2022-04-25 21:16:36,22.2855,114.1577,81.32,86,10,4.0,clear sky
61,Port Lincoln,AU,2022-04-25 21:13:07,-34.7333,135.8667,64.4,80,100,9.89,overcast clouds
62,Chokurdakh,RU,2022-04-25 21:16:37,70.6333,147.9167,6.04,94,93,4.72,overcast clouds
63,Busselton,AU,2022-04-25 21:16:37,-33.65,115.3333,61.81,66,97,17.09,overcast clouds
64,Panguna,PG,2022-04-25 21:16:38,-6.3164,155.4848,71.83,90,63,1.68,broken clouds
65,Kodiak,US,2022-04-25 21:16:38,57.79,-152.4072,45.91,57,75,6.91,broken clouds
66,Phalaborwa,ZA,2022-04-25 21:16:38,-23.943,31.1411,69.08,77,40,6.89,light rain
67,Zeya,RU,2022-04-25 21:16:39,53.75,127.2667,28.38,65,100,5.55,overcast clouds
68,Castro,BR,2022-04-25 21:14:10,-24.7911,-50.0119,64.54,80,0,2.48,clear sky
69,Lavrentiya,RU,2022-04-25 21:16:39,65.5833,-171.0,24.51,81,98,7.85,overcast clouds
70,Cape Town,ZA,2022-04-25 21:15:12,-33.9258,18.4232,59.92,71,0,10.36,clear sky
71,Barranca,PE,2022-04-25 21:16:40,-10.75,-77.7667,70.05,75,97,8.59,overcast clouds
72,Lisala,CD,2022-04-25 21:16:41,2.15,21.5167,71.19,95,97,0.72,overcast clouds
73,Poum,NC,2022-04-25 21:06:58,-20.2333,164.0167,74.41,66,100,11.92,overcast clouds
74,Pekan,MY,2022-04-25 21:16:41,3.4836,103.3996,77.11,88,95,2.24,overcast clouds
75,Mataura,NZ,2022-04-25 21:16:42,-46.1927,168.8643,51.48,82,70,6.58,broken clouds
76,Jamestown,US,2022-04-25 21:13:34,42.097,-79.2353,80.24,41,20,12.66,few clouds
77,Morropon,PE,2022-04-25 21:16:42,-5.1822,-79.9689,84.61,58,97,6.13,overcast clouds
78,Faya,SA,2022-04-25 21:16:43,18.3851,42.4509,64.51,54,0,5.82,clear sky
79,Tzaneen,ZA,2022-04-25 21:16:43,-23.8332,30.1635,66.29,85,81,3.44,broken clouds
80,Teahupoo,PF,2022-04-25 21:16:43,-17.8333,-149.2667,80.56,74,9,11.16,clear sky
81,New Norfolk,AU,2022-04-25 21:16:44,-42.7826,147.0587,49.87,88,88,2.3,overcast clouds
82,Vila Velha,BR,2022-04-25 21:16:44,-20.3297,-40.2925,80.55,79,75,11.5,broken clouds
83,San Fernando,PH,2022-04-25 21:16:45,15.0286,120.6898,82.13,82,56,5.12,broken clouds
84,San Lorenzo,PY,2022-04-25 21:16:45,-25.3333,-57.5333,88.74,59,0,11.99,clear sky
85,Mineiros,BR,2022-04-25 21:16:45,-17.5694,-52.5511,76.75,67,7,4.38,clear sky
86,Namatanai,PG,2022-04-25 21:16:46,-3.6667,152.4333,79.54,79,100,5.23,overcast clouds
87,Lorengau,PG,2022-04-25 21:16:46,-2.0226,147.2712,81.37,79,44,6.46,scattered clouds
88,Realeza,BR,2022-04-25 21:16:47,-25.7689,-53.5325,73.29,83,6,4.0,clear sky
89,Quatre Cocos,MU,2022-04-25 21:16:47,-20.2078,57.7625,73.51,74,59,16.2,light rain
90,Itarema,BR,2022-04-25 21:07:07,-2.9248,-39.9167,78.69,86,35,11.27,scattered clouds
91,Orkney,ZA,2022-04-25 21:16:48,-26.9802,26.6727,52.86,29,0,6.2,clear sky
92,Odweyne,SO,2022-04-25 21:17:48,9.4092,45.064,70.75,64,100,5.1,overcast clouds
93,Bredasdorp,ZA,2022-04-25 21:17:49,-34.5322,20.0403,54.95,75,0,3.18,clear sky
94,Arraial Do Cabo,BR,2022-04-25 21:17:49,-22.9661,-42.0278,75.06,78,0,6.91,clear sky
95,Port Elizabeth,ZA,2022-04-25 21:17:50,-33.918,25.5701,58.32,87,0,12.66,clear sky
96,Svetlogorsk,BY,2022-04-25 21:17:50,52.6333,29.7333,51.87,90,84,6.33,broken clouds
97,Zhanaozen,KZ,2022-04-25 21:17:51,43.3,52.8,65.12,24,5,12.73,clear sky
98,Ulladulla,AU,2022-04-25 21:17:51,-35.35,150.4667,58.5,90,100,4.47,overcast clouds
99,San Jeronimo,PE,2022-04-25 21:17:51,-11.9472,-75.2829,57.65,63,100,2.73,overcast clouds
100,Bandarbeyla,SO,2022-04-25 21:17:52,9.4942,50.8122,81.5,73,99,5.73,overcast clouds
101,Lokosovo,RU,2022-04-25 21:17:52,61.1333,74.8167,32.95,100,100,2.73,overcast clouds
102,Souillac,MU,2022-04-25 21:17:53,-20.5167,57.5167,73.78,88,40,12.66,light rain
103,Saint-Philippe,RE,2022-04-25 21:17:53,-21.3585,55.7679,74.79,79,90,15.28,light rain
104,Havelock,US,2022-04-25 21:17:54,34.8791,-76.9013,82.36,68,0,13.0,clear sky
105,Suntar,RU,2022-04-25 21:17:54,62.1444,117.6319,22.57,95,93,2.8,overcast clouds
106,Manta,EC,2022-04-25 21:15:26,-0.95,-80.7333,82.18,69,40,9.22,scattered clouds
107,Narsaq,GL,2022-04-25 21:17:55,60.9167,-46.05,44.82,79,93,0.81,overcast clouds
108,Abadan,IR,2022-04-25 21:17:55,30.3392,48.3043,73.35,64,40,9.22,scattered clouds
109,Mezdra,BG,2022-04-25 21:17:56,43.15,23.7,56.5,71,61,2.48,light rain
110,Baykit,RU,2022-04-25 21:17:56,61.67,96.37,22.41,93,100,3.91,overcast clouds
111,Manokwari,ID,2022-04-25 21:17:56,-0.8667,134.0833,79.36,76,60,4.12,broken clouds
112,Samarinda,ID,2022-04-25 21:17:57,-0.5,117.15,73.22,99,100,2.51,overcast clouds
113,Aljubarrota,PT,2022-04-25 21:17:57,39.5672,-8.9293,57.54,85,100,3.11,overcast clouds
114,Orcopampa,PE,2022-04-25 21:17:58,-15.2661,-72.3417,58.01,33,77,12.21,broken clouds
115,Novo Aripuana,BR,2022-04-25 21:17:58,-5.1206,-60.3797,81.07,82,100,3.04,overcast clouds
116,Tautira,PF,2022-04-25 21:17:59,-17.7333,-149.15,80.83,74,8,11.03,clear sky
117,Ancud,CL,2022-04-25 21:17:59,-41.8697,-73.8203,52.23,91,100,31.72,moderate rain
118,Clyde River,CA,2022-04-25 21:18:00,70.4692,-68.5914,8.83,92,100,21.85,light snow
119,Chuy,UY,2022-04-25 21:18:00,-33.6971,-53.4616,65.52,97,100,7.4,overcast clouds
120,Mehamn,NO,2022-04-25 21:18:00,71.0357,27.8492,30.11,69,75,29.93,broken clouds
121,Ovsyanka,RU,2022-04-25 21:18:01,55.9575,92.5519,22.23,91,39,3.91,scattered clouds
122,Labrea,BR,2022-04-25 21:18:01,-7.2586,-64.7981,85.82,69,59,4.74,broken clouds
123,Nikolskoye,RU,2022-04-25 21:18:02,59.7035,30.7861,41.72,97,100,5.06,overcast clouds
124,Brejo,BR,2022-04-25 21:18:02,-3.6844,-42.7503,75.6,93,100,2.93,overcast clouds
125,Bage,BR,2022-04-25 21:18:03,-31.3314,-54.1069,66.31,95,100,2.33,heavy intensity rain
126,East London,ZA,2022-04-25 21:18:03,-33.0153,27.9116,62.33,70,15,14.79,light rain
127,Nelson Bay,AU,2022-04-25 21:08:26,-32.7167,152.15,63.0,96,100,3.69,overcast clouds
128,Geraldton,AU,2022-04-25 21:18:04,-28.7667,114.6,68.41,73,100,12.66,overcast clouds
129,Beloha,MG,2022-04-25 21:18:04,-25.1667,45.05,75.22,75,100,4.83,overcast clouds
130,Thunder Bay,CA,2022-04-25 21:17:17,48.4001,-89.3168,35.29,55,100,12.66,overcast clouds
131,Gorontalo,ID,2022-04-25 21:18:05,0.5412,123.0595,74.88,95,87,2.53,overcast clouds
132,Were Ilu,ET,2022-04-25 21:18:05,10.6,39.4333,54.66,72,99,3.09,light rain
133,Camacha,PT,2022-04-25 21:18:05,33.0833,-16.3333,60.22,77,40,10.36,scattered clouds
134,Maniitsoq,GL,2022-04-25 21:18:06,65.4167,-52.9,29.34,82,100,7.7,overcast clouds
135,Saskylakh,RU,2022-04-25 21:19:06,71.9167,114.0833,-6.09,100,100,3.85,overcast clouds
136,Kieta,PG,2022-04-25 21:19:07,-6.2167,155.6333,80.53,80,58,0.63,light rain
137,Tuatapere,NZ,2022-04-25 21:19:07,-46.1333,167.6833,44.56,82,35,5.06,scattered clouds
138,Mataram,ID,2022-04-25 21:19:08,-8.5833,116.1167,76.01,83,92,2.84,overcast clouds
139,Disna,BY,2022-04-25 21:19:08,55.568,28.1971,44.71,77,64,4.16,broken clouds
140,Ilulissat,GL,2022-04-25 21:19:09,69.2167,-51.1,26.62,93,100,3.44,light snow
141,Sao Filipe,CV,2022-04-25 21:19:10,14.8961,-24.4956,76.8,62,4,8.59,clear sky
142,Xichang,CN,2022-04-25 21:19:10,27.8964,102.2634,58.98,88,24,3.4,few clouds
143,Shingu,JP,2022-04-25 21:19:10,33.7333,135.9833,64.65,94,100,1.25,overcast clouds
144,Ishinomaki,JP,2022-04-25 21:19:11,38.4167,141.3,55.4,97,100,4.12,overcast clouds
145,Bambous Virieux,MU,2022-04-25 21:19:11,-20.3428,57.7575,73.65,88,40,12.66,light rain
146,Altamira,BR,2022-04-25 21:19:12,-3.2033,-52.2064,86.09,70,20,2.3,few clouds
147,Katangli,RU,2022-04-25 21:19:12,51.7102,143.2326,20.32,91,60,7.09,broken clouds
148,Todos Santos,MX,2022-04-25 21:19:13,23.45,-110.2167,73.06,59,6,7.63,clear sky
149,Genhe,CN,2022-04-25 21:19:13,50.7833,121.5167,31.62,54,100,12.12,overcast clouds
150,Ayagoz,KZ,2022-04-25 21:19:13,47.9714,80.4392,32.77,93,73,8.46,broken clouds
151,Te Anau,NZ,2022-04-25 21:19:14,-45.4167,167.7167,42.39,85,9,0.83,clear sky
152,Buchanan,LR,2022-04-25 21:19:14,5.8808,-10.0467,80.42,83,100,11.16,overcast clouds
153,Pisco,PE,2022-04-25 21:19:15,-13.7,-76.2167,69.85,73,0,4.61,clear sky
154,Seydi,TM,2022-04-25 21:19:15,39.4816,62.9137,70.48,23,100,14.52,overcast clouds
155,Samarai,PG,2022-04-25 21:16:02,-10.6167,150.6667,82.96,77,89,13.06,overcast clouds
156,Vanimo,PG,2022-04-25 21:19:16,-2.6741,141.3028,77.05,91,95,5.35,overcast clouds
157,Barrow,US,2022-04-25 21:19:16,71.2906,-156.7887,14.02,79,100,11.5,overcast clouds
158,Bakchar,RU,2022-04-25 21:19:17,57.0186,82.0711,33.49,84,81,5.79,broken clouds
159,Dudinka,RU,2022-04-25 21:19:17,69.4058,86.1778,1.62,97,100,6.69,overcast clouds
160,Ponta Do Sol,PT,2022-04-25 21:19:17,32.6667,-17.1,62.01,81,32,11.05,scattered clouds
161,Los Llanos De Aridane,ES,2022-04-25 21:19:18,28.6585,-17.9182,64.15,81,75,5.75,broken clouds
162,Pachperwa,IN,2022-04-25 21:19:18,27.5167,82.65,80.65,14,0,4.45,clear sky
163,Dickinson,US,2022-04-25 21:19:19,29.4608,-95.0513,84.15,79,100,23.02,overcast clouds
164,Jacareacanga,BR,2022-04-25 21:19:19,-6.2222,-57.7528,79.03,90,87,2.17,overcast clouds
165,Sitka,US,2022-04-25 21:19:20,57.0531,-135.33,48.09,71,75,8.05,broken clouds
166,Sola,VU,2022-04-25 21:19:20,-13.8833,167.55,80.1,78,83,14.65,broken clouds
167,La Ronge,CA,2022-04-25 21:19:21,55.1001,-105.2842,37.65,25,0,14.97,clear sky
168,Lalibela,ET,2022-04-25 21:16:18,12.0333,39.0333,64.13,58,81,2.64,light rain
169,Thompson,CA,2022-04-25 21:19:21,55.7435,-97.8558,26.76,28,40,4.61,scattered clouds
170,Hualmay,PE,2022-04-25 21:19:22,-11.0964,-77.6139,70.21,77,100,10.11,overcast clouds
171,Kununurra,AU,2022-04-25 21:19:22,-15.7667,128.7333,66.18,94,100,3.44,overcast clouds
172,Qaqortoq,GL,2022-04-25 21:19:23,60.7167,-46.0333,37.2,84,88,3.0,overcast clouds
173,Seoul,KR,2022-04-25 21:16:36,37.5683,126.9778,62.17,82,75,3.44,moderate rain
174,Buluang,PH,2022-04-25 21:19:23,13.3068,123.3425,77.23,91,86,3.27,overcast clouds
175,Victor Harbor,AU,2022-04-25 21:17:22,-35.5667,138.6167,62.67,82,100,4.76,light rain
176,Port Macquarie,AU,2022-04-25 21:19:25,-31.4333,152.9167,58.89,100,75,0.0,heavy intensity rain
177,Rio Gallegos,AR,2022-04-25 21:20:25,-51.6226,-69.2181,42.85,87,40,14.97,light intensity drizzle
178,Blythe,US,2022-04-25 21:20:26,33.6103,-114.5964,90.05,5,0,6.91,clear sky
179,Waipawa,NZ,2022-04-25 21:20:26,-41.4122,175.5153,52.9,75,79,2.39,broken clouds
180,Stromness,GB,2022-04-25 21:20:27,58.965,-3.296,44.56,87,100,5.99,overcast clouds
181,Lucapa,AO,2022-04-25 21:20:27,-8.4192,20.7447,67.91,92,100,2.57,overcast clouds
182,Adrar,MR,2022-04-25 21:20:28,20.5022,-10.0711,78.55,26,0,10.49,clear sky
183,Uvalde,US,2022-04-25 21:20:28,29.3669,-99.767,76.19,57,75,17.27,broken clouds
184,Rafaela,AR,2022-04-25 21:20:29,-31.2503,-61.4867,75.97,58,49,3.0,scattered clouds
185,Gravdal,NO,2022-04-25 21:20:29,68.1214,13.5031,31.89,64,75,14.97,light snow
186,The Valley,AI,2022-04-25 21:20:30,18.217,-63.0578,82.26,50,20,9.22,few clouds
187,Flinders,AU,2022-04-25 21:17:28,-34.5833,150.8552,61.18,94,100,5.99,light rain
188,Pangkalanbuun,ID,2022-04-25 21:20:30,-2.6833,111.6167,74.12,99,95,2.77,overcast clouds
189,Kaitangata,NZ,2022-04-25 21:20:30,-46.2817,169.8464,50.4,67,59,14.07,broken clouds
190,Mandalgovi,MN,2022-04-25 21:20:31,45.7625,106.2708,22.17,48,0,9.35,clear sky
191,Ribeira Brava,PT,2022-04-25 21:20:31,32.65,-17.0667,62.01,84,27,11.32,scattered clouds
192,Kargasok,RU,2022-04-25 21:20:32,59.0556,80.8572,35.62,92,100,7.94,overcast clouds
193,Srednekolymsk,RU,2022-04-25 21:20:32,67.45,153.6833,7.18,94,100,3.49,overcast clouds
194,Puerto Narino,CO,2022-04-25 21:20:32,-3.7703,-70.3831,81.54,92,89,0.85,overcast clouds
195,Hovd,MN,2022-04-25 21:19:17,48.0056,91.6419,34.14,27,100,2.93,overcast clouds
196,Rabo De Peixe,PT,2022-04-25 21:20:33,37.8,-25.5833,61.29,64,20,6.91,few clouds
197,Alugan,PH,2022-04-25 21:20:33,12.2188,125.4808,81.57,85,100,13.18,overcast clouds
198,Severo-Kurilsk,RU,2022-04-25 21:20:34,50.6789,156.125,32.13,85,100,20.04,light snow
199,Vrangel,RU,2022-04-25 21:20:34,42.7297,133.0839,46.9,83,100,6.11,overcast clouds
200,Iqaluit,CA,2022-04-25 21:20:33,63.7506,-68.5145,2.93,71,40,20.71,scattered clouds
201,Port Augusta,AU,2022-04-25 21:20:35,-32.5,137.7667,61.79,87,100,5.82,overcast clouds
202,Altay,CN,2022-04-25 21:20:35,47.8667,88.1167,41.2,53,90,2.44,overcast clouds
203,Mangai,CD,2022-04-25 21:19:31,-4.05,19.5333,71.06,99,100,2.44,moderate rain
204,Upernavik,GL,2022-04-25 21:20:36,72.7868,-56.1549,18.37,86,27,3.49,scattered clouds
205,Rudsar,IR,2022-04-25 21:20:36,37.1376,50.288,60.78,79,100,1.43,overcast clouds
206,Caravelas,BR,2022-04-25 21:20:37,-17.7125,-39.2481,77.02,80,1,4.36,clear sky
207,Nouadhibou,MR,2022-04-25 21:20:37,20.931,-17.0347,66.18,94,0,12.66,clear sky
208,Bethel,US,2022-04-25 21:19:14,41.3712,-73.414,61.66,35,100,6.91,overcast clouds
209,Kahului,US,2022-04-25 21:20:38,20.8947,-156.47,82.42,64,40,24.16,scattered clouds
210,Aden,YE,2022-04-25 21:20:38,12.7794,45.0367,83.41,78,60,10.25,broken clouds
211,Egvekinot,RU,2022-04-25 21:20:38,66.3167,-179.1667,18.43,82,83,8.3,broken clouds
212,Hoyerswerda,DE,2022-04-25 21:20:39,51.4333,14.25,45.81,83,69,0.76,broken clouds
213,Benavente,ES,2022-04-25 21:20:39,42.0025,-5.6783,56.32,54,93,6.76,overcast clouds
214,Aykhal,RU,2022-04-25 21:20:35,66.0,111.5,7.43,100,96,3.53,overcast clouds
215,Kloulklubed,PW,2022-04-25 21:20:40,7.0419,134.2556,75.7,79,100,18.07,overcast clouds
216,Tura,IN,2022-04-25 21:20:40,25.5198,90.2201,72.48,83,0,4.74,clear sky
217,Cramlington,GB,2022-04-25 21:20:41,55.0865,-1.586,44.62,90,20,2.3,few clouds
218,Libreville,GA,2022-04-25 21:17:53,0.3925,9.4537,80.13,86,94,5.91,light rain
219,Birao,CF,2022-04-25 21:20:41,10.2849,22.7882,87.08,38,100,5.3,overcast clouds
220,Gonbad-E Qabus,IR,2022-04-25 21:21:42,37.25,55.1672,61.75,67,87,0.81,overcast clouds
221,Ambilobe,MG,2022-04-25 21:21:42,-13.2,49.05,72.68,83,99,3.87,overcast clouds
222,Buala,SB,2022-04-25 21:21:43,-8.145,159.5921,82.2,78,76,4.34,light rain
223,Yar-Sale,RU,2022-04-25 21:21:43,66.8333,70.8333,23.23,95,80,6.73,broken clouds
224,Pandan,PH,2022-04-25 21:21:44,14.0453,124.1694,80.38,87,100,10.94,overcast clouds
225,Pangai,TO,2022-04-25 21:21:44,-19.8,-174.35,77.52,77,100,10.89,light rain
226,Eureka,US,2022-04-25 21:21:45,40.8021,-124.1637,67.75,83,97,4.0,overcast clouds
227,Ardakan,IR,2022-04-25 21:21:45,32.31,54.0175,71.64,38,99,11.05,overcast clouds
228,Half Moon Bay,US,2022-04-25 21:21:45,37.4636,-122.4286,78.91,64,40,23.02,scattered clouds
229,Basco,PH,2022-04-25 21:21:46,20.4487,121.9702,81.59,85,2,17.83,clear sky
230,Bontang,ID,2022-04-25 21:21:46,0.1333,117.5,75.96,93,100,7.31,overcast clouds
231,Katsuura,JP,2022-04-25 21:21:47,35.1333,140.3,67.03,92,99,6.06,overcast clouds
232,Marawi,PH,2022-04-25 21:21:47,7.9986,124.2928,69.93,91,100,2.77,overcast clouds
233,Kamenka,RU,2022-04-25 21:21:47,51.3223,42.7678,56.03,75,100,8.1,overcast clouds
234,Hay River,CA,2022-04-25 21:21:48,60.8156,-115.7999,49.98,43,100,13.8,overcast clouds
235,Yellowknife,CA,2022-04-25 21:17:44,62.456,-114.3525,43.32,45,75,11.5,broken clouds
236,Richards Bay,ZA,2022-04-25 21:19:14,-28.783,32.0377,68.18,72,92,17.0,overcast clouds
237,Male,MV,2022-04-25 21:21:49,4.1748,73.5089,84.07,71,100,4.38,overcast clouds
238,Airai,TL,2022-04-25 21:19:30,-8.9266,125.4092,57.31,73,48,1.21,scattered clouds
239,Touros,BR,2022-04-25 21:21:49,-5.1989,-35.4608,79.11,82,21,11.54,few clouds
240,San Quintin,MX,2022-04-25 21:21:50,30.4833,-115.95,75.02,32,0,11.18,clear sky
241,Provideniya,RU,2022-04-25 21:21:50,64.3833,-173.3,26.71,80,75,20.13,light snow
242,Faanui,PF,2022-04-25 21:21:50,-16.4833,-151.75,81.39,72,10,10.47,clear sky
243,Lebu,CL,2022-04-25 21:21:51,-37.6167,-73.65,55.31,76,100,23.4,overcast clouds
244,Mudgee,AU,2022-04-25 21:18:31,-32.5943,149.5871,55.45,94,100,5.75,overcast clouds
245,Erzin,TR,2022-04-25 21:21:51,36.9559,36.2,64.83,58,1,1.9,clear sky
246,Beringovskiy,RU,2022-04-25 21:21:52,63.05,179.3167,28.92,96,100,24.99,snow
247,Saint-Georges,GD,2022-04-25 21:21:52,12.0564,-61.7485,82.08,74,75,11.5,broken clouds
248,Georgetown,MY,2022-04-25 21:20:27,5.4112,100.3354,80.53,92,20,2.3,few clouds
249,Qurayyat,SA,2022-04-25 21:21:53,31.3318,37.3428,69.98,24,0,4.61,clear sky
250,Carutapera,BR,2022-04-25 21:21:53,-1.195,-46.02,77.99,88,49,7.31,scattered clouds
251,Margate,GB,2022-04-25 21:21:54,51.3813,1.3862,49.3,84,71,7.0,broken clouds
252,Santa Ines,BR,2022-04-25 21:21:54,-3.6667,-45.38,76.26,93,78,3.18,broken clouds
253,Isangel,VU,2022-04-25 21:21:55,-19.55,169.2667,77.02,71,100,16.71,overcast clouds
254,Shimoda,JP,2022-04-25 21:21:55,34.6667,138.95,65.1,90,100,1.36,overcast clouds
255,Trincomalee,LK,2022-04-25 21:21:15,8.5711,81.2335,82.53,77,96,6.76,overcast clouds
256,Longyearbyen,SJ,2022-04-25 21:21:56,78.2186,15.6401,3.04,60,40,16.11,scattered clouds
257,Kawalu,ID,2022-04-25 21:21:56,-7.3817,108.2082,72.88,91,96,2.68,overcast clouds
258,Rosarito,MX,2022-04-25 21:21:57,32.3333,-117.0333,93.42,38,18,16.31,few clouds
259,Sorland,NO,2022-04-25 21:21:57,67.667,12.6934,34.39,65,100,25.61,light snow
260,Yakhroma,RU,2022-04-25 21:21:58,56.3,37.4833,52.45,97,100,5.41,overcast clouds
261,Prince George,CA,2022-04-25 21:16:59,53.9166,-122.753,49.44,66,75,4.61,broken clouds
262,Acapulco,MX,2022-04-25 21:18:14,16.8634,-99.8901,85.82,66,0,10.36,clear sky
263,Kiruna,SE,2022-04-25 21:21:58,67.8557,20.2251,25.72,74,40,12.66,scattered clouds
264,Torbay,CA,2022-04-25 21:21:40,47.6666,-52.7314,38.88,95,100,17.27,fog
265,Miandrivazo,MG,2022-04-25 21:21:59,-19.5167,45.4667,78.19,68,97,1.66,overcast clouds
266,Charters Towers,AU,2022-04-25 21:21:59,-20.1,146.2667,68.95,96,100,15.59,light rain
267,Lagoa,PT,2022-04-25 21:18:23,39.05,-27.9833,57.92,72,47,12.35,scattered clouds
268,Mount Isa,AU,2022-04-25 21:19:50,-20.7333,139.5,69.57,100,100,1.14,overcast clouds
269,Myaundzha,RU,2022-04-25 21:23:00,63.0494,147.1858,6.26,89,56,3.29,broken clouds
270,Wenling,CN,2022-04-25 21:23:00,28.3669,121.36,66.02,99,100,5.64,moderate rain
271,Lambarene,GA,2022-04-25 21:23:01,-0.7001,10.2406,77.68,88,100,3.29,overcast clouds
272,Coquimbo,CL,2022-04-25 21:23:01,-29.9533,-71.3436,56.93,100,100,9.22,mist
273,Langeskov,DK,2022-04-25 21:23:02,55.3565,10.5845,46.78,72,0,1.97,clear sky
274,Pachino,IT,2022-04-25 21:23:02,36.7186,15.0907,59.11,74,53,7.09,broken clouds
275,Haines Junction,CA,2022-04-25 21:20:39,60.7522,-137.5108,48.15,40,96,3.44,overcast clouds
276,Grand Gaube,MU,2022-04-25 21:23:03,-20.0064,57.6608,73.8,81,38,5.99,scattered clouds
277,Changping,CN,2022-04-25 21:23:03,40.2186,116.2197,67.64,12,1,13.82,clear sky
278,Hasaki,JP,2022-04-25 21:23:03,35.7333,140.8333,64.8,88,100,7.34,overcast clouds
279,Amapa,BR,2022-04-25 21:23:04,1.0,-52.0,75.99,97,99,3.04,overcast clouds
280,Ulaangom,MN,2022-04-25 21:20:52,49.9811,92.0667,32.54,40,100,1.9,overcast clouds
281,Neresnytsya,UA,2022-04-25 21:23:05,48.1181,23.7659,49.06,96,74,3.18,broken clouds
282,Leningradskiy,RU,2022-04-25 21:23:05,69.3833,178.4167,13.68,93,64,9.04,broken clouds
283,Roanoke Rapids,US,2022-04-25 21:23:05,36.4615,-77.6542,88.2,54,0,9.22,clear sky
284,Dhidhdhoo,MV,2022-04-25 21:23:06,6.8833,73.1,84.22,70,100,2.91,overcast clouds
285,Astana,KZ,2022-04-25 21:22:37,51.1801,71.446,35.55,48,0,6.71,clear sky
286,Dolores,AR,2022-04-25 21:20:43,-36.3132,-57.6792,64.02,54,0,4.97,clear sky
287,Puli,TW,2022-04-25 21:23:07,23.9664,120.9695,76.23,84,2,4.59,clear sky
288,Vardo,NO,2022-04-25 21:23:09,70.3705,31.1107,32.52,61,90,15.52,overcast clouds
289,Yumen,CN,2022-04-25 21:23:09,40.2833,97.2,50.49,18,100,19.8,overcast clouds
290,Jimenez,MX,2022-04-25 21:23:10,28.3333,-105.4,87.13,22,0,11.1,clear sky
291,Paita,PE,2022-04-25 21:23:10,-5.0892,-81.1144,72.9,74,36,15.19,scattered clouds
292,Coahuayana,MX,2022-04-25 21:23:10,18.7333,-103.6833,87.66,41,7,7.87,clear sky
293,Honghu,CN,2022-04-25 21:23:11,29.8206,113.4621,67.19,91,82,4.09,broken clouds
294,Sao Felix Do Xingu,BR,2022-04-25 21:23:11,-6.6447,-51.995,80.1,76,43,4.12,scattered clouds
295,Elat,IL,2022-04-25 21:23:12,29.5581,34.9482,76.84,27,0,12.66,haze
296,Northam,GB,2022-04-25 21:23:12,51.0333,-4.2167,51.66,66,76,5.91,broken clouds
297,Padang,ID,2022-04-25 21:23:13,-0.9492,100.3543,77.58,88,100,4.14,overcast clouds
298,Yining,CN,2022-04-25 21:23:13,29.0361,114.5636,69.33,98,82,1.57,broken clouds
299,Katobu,ID,2022-04-25 21:23:14,-4.9408,122.5276,74.44,93,13,1.34,few clouds
300,Walvis Bay,NA,2022-04-25 21:22:54,-22.9575,14.5053,59.95,77,0,5.75,clear sky
301,Bulgan,MN,2022-04-25 21:23:14,48.8125,103.5347,16.77,76,0,2.95,clear sky
302,Cowra,AU,2022-04-25 21:23:15,-33.8333,148.6833,54.9,83,100,5.19,heavy intensity rain
303,Champerico,GT,2022-04-25 21:23:15,14.3,-91.9167,88.34,62,4,11.32,clear sky
304,Sabha,LY,2022-04-25 21:23:15,27.0377,14.4283,80.28,14,100,18.79,overcast clouds
305,Bay Roberts,CA,2022-04-25 21:23:16,47.5999,-53.2648,39.65,89,100,15.01,overcast clouds
306,Harer,ET,2022-04-25 21:23:16,9.3094,42.1258,59.45,92,99,1.34,overcast clouds
307,Swan River,CA,2022-04-25 21:23:17,52.1058,-101.2676,30.09,51,2,11.5,clear sky
308,Semey,KZ,2022-04-25 21:23:17,50.4111,80.2275,41.47,51,98,6.33,overcast clouds
309,Pokrovsk,UA,2022-04-25 21:23:17,48.282,37.1758,55.8,72,100,5.19,overcast clouds
310,Mersing,MY,2022-04-25 21:23:18,2.4312,103.8405,75.11,94,20,5.75,few clouds
311,Moree,AU,2022-04-25 21:21:01,-29.4667,149.85,60.82,67,100,9.22,overcast clouds
312,Garissa,KE,2022-04-25 21:24:18,-0.4536,39.6401,82.11,68,86,14.2,overcast clouds
313,Kaseda,JP,2022-04-25 21:24:19,31.4167,130.3167,72.32,93,97,16.06,overcast clouds
314,Miguel Pereira,BR,2022-04-25 21:24:19,-22.4539,-43.4689,71.74,92,82,3.18,broken clouds
315,Vanavara,RU,2022-04-25 21:24:20,60.34,102.2797,27.52,95,100,3.96,light snow
316,Saint Anthony,US,2022-04-25 21:24:20,45.0205,-93.218,37.92,66,100,16.11,overcast clouds
317,Fort Nelson,CA,2022-04-25 21:24:21,58.8053,-122.7002,42.39,75,75,0.0,broken clouds
318,Gamba,GA,2022-04-25 21:24:21,-2.65,10.0,77.74,89,100,5.12,overcast clouds
319,Karlstad,SE,2022-04-25 21:24:22,59.3793,13.5036,48.76,57,75,12.66,broken clouds
320,Ust-Koksa,RU,2022-04-25 21:24:22,50.2696,85.6108,36.48,77,100,2.33,overcast clouds
321,Vilcun,CL,2022-04-25 21:24:22,-38.65,-72.2333,50.74,68,100,13.96,moderate rain
322,Nizhniy Tsasuchey,RU,2022-04-25 21:24:23,50.5167,115.1333,36.64,41,100,18.3,overcast clouds
323,Nautla,MX,2022-04-25 21:24:23,20.2167,-96.7833,86.86,62,3,14.25,clear sky
324,Greve Strand,DK,2022-04-25 21:24:24,55.5834,12.2999,44.58,75,2,1.14,clear sky
325,Belmonte,BR,2022-04-25 21:24:24,-15.8631,-38.8828,78.48,81,2,9.4,clear sky
326,Palu,ID,2022-04-25 21:24:25,-0.8917,119.8707,74.95,94,88,2.59,overcast clouds
327,Smolenka,RU,2022-04-25 21:24:25,52.1352,113.4974,30.27,31,100,15.66,overcast clouds
328,Walker,US,2022-04-25 21:24:25,30.7335,-95.5669,64.18,88,100,4.61,moderate rain
329,Lazaro Cardenas,MX,2022-04-25 21:24:26,17.9583,-102.2,83.59,49,73,11.45,broken clouds
330,Bengkulu,ID,2022-04-25 21:24:26,-3.8004,102.2655,76.33,86,100,7.63,heavy intensity rain
331,Byron Bay,AU,2022-04-25 21:22:16,-28.65,153.6167,59.94,73,100,5.66,overcast clouds
332,Kavaratti,IN,2022-04-25 21:24:27,10.5669,72.642,84.24,76,34,5.86,scattered clouds
333,Umm Kaddadah,SD,2022-04-25 21:24:27,13.6017,26.6876,82.69,15,100,2.17,overcast clouds
334,Kulhudhuffushi,MV,2022-04-25 21:21:19,6.6221,73.07,84.13,71,99,3.2,overcast clouds
335,Gizo,SB,2022-04-25 21:24:28,-8.103,156.8419,82.94,72,100,7.63,overcast clouds
336,Aklavik,CA,2022-04-25 21:20:19,68.2191,-135.0107,33.37,100,100,4.47,overcast clouds
337,Solnechnyy,RU,2022-04-25 21:24:28,50.7214,136.6319,25.95,92,100,3.47,overcast clouds
338,Chumphon,TH,2022-04-25 21:24:29,10.3333,98.8333,73.29,89,92,0.43,overcast clouds
339,Hobyo,SO,2022-04-25 21:24:29,5.3505,48.5268,83.08,73,53,10.94,broken clouds
340,Rapina,EE,2022-04-25 21:24:29,58.0981,27.4636,40.39,94,99,4.9,overcast clouds
341,Loa Janan,ID,2022-04-25 21:24:30,-0.583,117.095,73.31,99,100,2.64,overcast clouds
342,Chimbote,PE,2022-04-25 21:24:30,-9.0853,-78.5783,68.02,82,99,8.43,overcast clouds
343,Pangnirtung,CA,2022-04-25 21:24:31,66.1451,-65.7125,12.2,85,100,25.32,snow
344,Gadung,PH,2022-04-25 21:23:15,6.8025,124.02,78.85,86,99,3.11,overcast clouds
345,Yenagoa,NG,2022-04-25 21:24:31,4.9247,6.2642,78.51,88,47,4.52,scattered clouds
346,Mitsamiouli,KM,2022-04-25 21:24:32,-11.3847,43.2844,81.28,79,70,9.53,broken clouds
347,Raga,SS,2022-04-25 21:24:32,8.4596,25.678,78.03,64,74,3.87,broken clouds
348,Erenhot,CN,2022-04-25 21:24:33,43.6475,111.9767,34.11,28,0,21.54,clear sky
349,College,US,2022-04-25 21:23:52,64.8569,-147.8028,48.15,43,75,3.44,broken clouds
350,Husavik,IS,2022-04-25 21:24:33,66.0449,-17.3389,41.88,78,68,2.13,broken clouds
351,Port Moresby,PG,2022-04-25 21:24:34,-9.4431,147.1797,76.42,100,20,5.75,few clouds
352,Kaiyuan,CN,2022-04-25 21:24:34,23.6977,103.3037,65.23,58,0,4.65,clear sky
353,Cherskiy,RU,2022-04-25 21:24:34,68.75,161.3,26.44,70,100,3.29,overcast clouds
354,Muli,MV,2022-04-25 21:21:19,2.9167,73.5667,84.04,69,77,3.96,broken clouds
355,Ganzhou,CN,2022-04-25 21:24:35,28.8184,115.4327,70.99,96,82,0.49,broken clouds
356,Mnogovershinnyy,RU,2022-04-25 21:24:35,53.9353,139.9242,20.84,85,16,3.8,few clouds
357,Cam Ranh,VN,2022-04-25 21:24:36,11.9214,109.1591,78.76,83,20,2.3,few clouds
358,Kailua,US,2022-04-25 21:25:36,21.4022,-157.7394,84.18,71,100,13.8,overcast clouds
359,Maumere,ID,2022-04-25 21:25:37,-8.6199,122.2111,78.39,75,100,4.03,overcast clouds
360,Yerbogachen,RU,2022-04-25 21:25:37,61.2767,108.0108,22.87,99,95,2.93,overcast clouds
361,Codrington,AU,2022-04-25 21:25:38,-38.2667,141.9667,55.42,75,95,9.1,overcast clouds
362,Lata,PT,2022-04-25 21:25:38,40.1629,-8.3327,52.86,80,73,1.36,broken clouds
363,Saldanha,ZA,2022-04-25 21:25:38,-33.0117,17.9442,53.65,78,0,14.38,clear sky
364,Necochea,AR,2022-04-25 21:25:39,-38.5473,-58.7368,56.23,57,0,5.91,clear sky
365,Agucadoura,PT,2022-04-25 21:25:39,41.4318,-8.7804,59.56,78,67,7.23,broken clouds
366,Antofagasta,CL,2022-04-25 21:21:31,-23.65,-70.4,65.48,79,100,6.96,overcast clouds
367,Jalu,LY,2022-04-25 21:25:40,29.0331,21.5482,79.74,16,69,9.91,broken clouds
368,Cidreira,BR,2022-04-25 21:25:40,-30.1811,-50.2056,72.81,80,88,12.91,heavy intensity rain
369,Calama,CL,2022-04-25 21:23:51,-22.4667,-68.9333,72.09,14,0,16.11,clear sky
370,Luderitz,NA,2022-04-25 21:25:41,-26.6481,15.1594,59.72,51,0,14.74,clear sky
371,Luanda,AO,2022-04-25 21:23:39,-8.8368,13.2343,77.0,88,20,10.36,few clouds
372,Devonport,AU,2022-04-25 21:25:41,-41.1667,146.35,57.02,85,98,5.46,overcast clouds
373,Latung,PH,2022-04-25 21:25:42,5.5,120.8833,82.54,76,77,1.25,broken clouds
374,Lompoc,US,2022-04-25 21:25:42,34.6391,-120.4579,88.79,57,0,16.11,clear sky
375,Viedma,AR,2022-04-25 21:25:43,-40.8135,-62.9967,60.4,26,100,18.03,overcast clouds
376,Ponta Delgada,PT,2022-04-25 21:24:02,37.7333,-25.6667,62.51,77,20,6.91,few clouds
377,Xingcheng,CN,2022-04-25 21:25:43,40.6167,120.7167,53.37,98,88,6.51,overcast clouds
378,Preobrazheniye,RU,2022-04-25 21:25:44,42.9019,133.9064,48.7,84,100,3.42,overcast clouds
379,Korcula,HR,2022-04-25 21:25:44,42.9622,17.1369,60.12,70,5,3.6,clear sky
380,Bend,US,2022-04-25 21:21:16,44.0582,-121.3153,61.48,39,0,9.22,clear sky
381,Raudeberg,NO,2022-04-25 21:25:45,61.9875,5.1352,45.27,84,15,25.1,few clouds
382,Araxa,BR,2022-04-25 21:25:45,-19.5933,-46.9406,76.96,57,0,2.3,clear sky
383,Strezhevoy,RU,2022-04-25 21:25:45,60.7333,77.5889,32.88,99,100,3.51,overcast clouds
384,Silver City,US,2022-04-25 21:25:02,32.7701,-108.2803,75.92,8,0,4.61,clear sky
385,Olafsvik,IS,2022-04-25 21:21:52,64.8945,-23.7142,44.82,74,97,5.75,overcast clouds
386,Hambantota,LK,2022-04-25 21:25:46,6.1241,81.1185,77.34,100,20,0.0,few clouds
387,Kulachi,PK,2022-04-25 21:25:47,31.9286,70.4592,81.84,25,1,0.87,clear sky
388,Balkanabat,TM,2022-04-25 21:25:47,39.5108,54.3671,72.81,29,98,10.71,overcast clouds
389,China,MX,2022-04-25 21:25:47,25.7,-99.2333,94.14,36,78,8.81,broken clouds
390,Santa Fe,AR,2022-04-25 21:25:19,-31.6333,-60.7,76.01,80,72,4.0,broken clouds
391,Songea,TZ,2022-04-25 21:22:59,-10.6833,35.65,63.81,96,100,1.66,light rain
392,Shakhtinsk,KZ,2022-04-25 21:25:48,49.71,72.5872,42.31,44,9,6.85,clear sky
393,Salalah,OM,2022-04-25 21:25:49,17.0151,54.0924,82.49,69,0,3.44,clear sky
394,Makakilo City,US,2022-04-25 21:25:49,21.3469,-158.0858,82.72,58,75,18.41,broken clouds
395,Acarau,BR,2022-04-25 21:25:49,-2.8856,-40.12,78.93,86,38,11.88,scattered clouds
396,Dongkan,CN,2022-04-25 21:25:50,33.9997,119.8308,57.42,98,100,9.78,overcast clouds
397,Aguimes,ES,2022-04-25 21:25:50,27.9054,-15.4461,66.83,64,40,6.91,scattered clouds
398,Khorixas,NA,2022-04-25 21:21:23,-20.3667,14.9667,70.83,39,38,4.29,scattered clouds
399,Oyama,JP,2022-04-25 21:25:51,36.3,139.8,69.58,76,100,3.33,overcast clouds
400,Nouakchott,MR,2022-04-25 21:25:51,18.0858,-15.9785,69.73,71,8,20.4,clear sky
401,Tezu,IN,2022-04-25 21:25:52,27.9167,96.1667,67.17,59,76,6.42,broken clouds
402,Atar,MR,2022-04-25 21:25:52,20.5169,-13.0499,82.27,31,0,8.99,clear sky
403,Vao,NC,2022-04-25 21:25:52,-22.6667,167.4833,74.84,54,100,20.62,overcast clouds
404,Luwuk,ID,2022-04-25 21:25:53,-0.9516,122.7875,77.52,86,89,2.35,overcast clouds
405,Kiunga,PG,2022-04-25 21:23:13,-6.1219,141.2906,73.85,99,100,1.32,overcast clouds
406,Corrente,BR,2022-04-25 21:26:54,-3.7367,-43.3394,74.73,96,100,3.06,overcast clouds
407,Owensboro,US,2022-04-25 21:26:54,37.7742,-87.1133,65.98,77,100,4.61,overcast clouds
408,Saint-Pierre,RE,2022-04-25 21:21:56,-21.3393,55.4781,74.88,77,75,10.36,broken clouds
409,Nuuk,GL,2022-04-25 21:26:55,64.1835,-51.7216,30.81,80,75,4.61,broken clouds
410,Angoche,MZ,2022-04-25 21:26:55,-16.2325,39.9086,77.13,88,100,0.76,light rain
411,Alofi,NU,2022-04-25 21:26:55,-19.0595,-169.9187,80.49,83,100,6.91,overcast clouds
412,Leh,IN,2022-04-25 21:26:02,34.1667,77.5833,37.49,72,73,5.21,broken clouds
413,Grand-Santi,GF,2022-04-25 21:26:56,4.25,-54.3833,77.5,97,84,3.51,heavy intensity rain
414,Nampa,US,2022-04-25 21:23:04,43.5407,-116.5635,75.31,19,0,18.41,clear sky
415,Neyshabur,IR,2022-04-25 21:26:57,36.2133,58.7958,69.13,34,55,5.3,broken clouds
416,Conde,BR,2022-04-25 21:26:57,-7.2597,-34.9075,78.26,89,75,8.05,broken clouds
417,Caucaia,BR,2022-04-25 21:22:02,-3.7361,-38.6531,83.03,75,40,10.36,scattered clouds
418,Cedar City,US,2022-04-25 21:22:32,37.6775,-113.0619,62.4,20,0,3.44,clear sky
419,Baihar,IN,2022-04-25 21:26:58,22.1,80.55,80.2,16,0,0.92,clear sky
420,Vuktyl,RU,2022-04-25 21:26:59,63.8567,57.3094,33.12,94,100,3.47,overcast clouds
421,Flin Flon,CA,2022-04-25 21:26:59,54.7682,-101.865,30.04,27,0,6.91,clear sky
422,Araceli,PH,2022-04-25 21:26:59,10.5529,119.9913,83.03,80,100,12.75,overcast clouds
423,Galle,LK,2022-04-25 21:27:00,6.0367,80.217,79.23,82,69,2.64,broken clouds
424,Alyangula,AU,2022-04-25 21:27:00,-13.8483,136.4192,75.07,100,40,2.3,scattered clouds
425,Chapais,CA,2022-04-25 21:27:01,49.7834,-74.8492,40.78,97,100,9.28,overcast clouds
426,Forestville,US,2022-04-25 21:27:01,38.8451,-76.875,73.22,65,75,9.22,broken clouds
427,Providencia,MX,2022-04-25 21:27:02,28.7167,-111.5833,97.21,19,0,9.48,clear sky
428,Cervo,ES,2022-04-25 21:27:02,43.6702,-7.4101,55.96,89,80,7.56,broken clouds
429,Ohangaron,UZ,2022-04-25 21:27:03,40.9064,69.6383,55.54,36,78,5.26,broken clouds
430,Okhotsk,RU,2022-04-25 21:26:34,59.3833,143.3,24.12,75,35,13.94,scattered clouds
431,Matamoros,MX,2022-04-25 21:25:39,25.5333,-103.25,93.31,11,20,4.61,few clouds
432,Salisbury,GB,2022-04-25 21:27:04,51.0693,-1.7957,50.29,74,20,5.75,few clouds
433,Tiksi,RU,2022-04-25 21:27:04,71.6872,128.8694,-4.4,100,98,2.71,overcast clouds
434,Srandakan,ID,2022-04-25 21:27:04,-7.9386,110.2506,77.05,89,85,3.65,overcast clouds
435,Harbour Breton,CA,2022-04-25 21:27:05,47.4833,-55.7983,46.72,71,56,15.01,broken clouds
436,Ndele,CF,2022-04-25 21:27:05,8.4109,20.6473,77.76,65,100,4.47,overcast clouds
437,Zimapan,MX,2022-04-25 21:27:06,20.75,-99.35,80.44,36,19,14.0,few clouds
438,Fortuna,US,2022-04-25 21:27:06,40.5982,-124.1573,57.97,85,75,14.97,broken clouds
439,Yulara,AU,2022-04-25 21:27:07,-25.2406,130.9889,57.04,88,99,5.75,overcast clouds
440,Port Hedland,AU,2022-04-25 21:27:07,-20.3167,118.5667,69.85,94,48,0.0,scattered clouds
441,Honiara,SB,2022-04-25 21:27:07,-9.4333,159.95,80.8,80,14,3.15,few clouds
442,Taltal,CL,2022-04-25 21:24:20,-25.4,-70.4833,65.3,81,42,6.31,scattered clouds
443,Marrakesh,MA,2022-04-25 21:27:08,31.6315,-8.0083,68.07,45,40,10.36,scattered clouds
444,Roros,NO,2022-04-25 21:27:09,62.5747,11.3842,31.84,80,100,13.8,overcast clouds
445,Hofn,IS,2022-04-25 21:27:09,64.2539,-15.2082,40.28,93,100,9.46,overcast clouds
446,Manono,CD,2022-04-25 21:27:09,-7.3,27.4167,70.29,93,98,2.3,overcast clouds
447,Kushiro,JP,2022-04-25 21:27:10,42.975,144.3747,42.3,72,88,4.97,overcast clouds
448,Vila,PT,2022-04-25 21:27:10,42.0304,-8.1588,49.08,75,63,3.36,broken clouds
449,Clarence Town,AU,2022-04-25 21:27:11,-32.5833,151.7833,62.85,93,100,1.86,overcast clouds
450,Udachnyy,RU,2022-04-25 21:28:11,66.4167,112.4,6.76,100,97,2.66,overcast clouds
451,Cayenne,GF,2022-04-25 21:27:52,4.9333,-52.3333,80.1,1,0,0.0,clear sky
452,Havoysund,NO,2022-04-25 21:28:13,70.9963,24.6622,28.63,74,100,27.98,light snow
453,Constitucion,CL,2022-04-25 21:28:14,-35.3333,-72.4167,55.92,82,100,8.1,overcast clouds
454,Hatta,IN,2022-04-25 21:28:14,24.1167,79.6,87.84,12,0,3.27,clear sky
455,Impfondo,CG,2022-04-25 21:28:14,1.6381,18.0667,75.2,81,57,0.65,broken clouds
456,Slave Lake,CA,2022-04-25 21:28:15,55.2834,-114.769,57.18,35,0,23.02,clear sky
457,Juneau,US,2022-04-25 21:28:15,58.3019,-134.4197,48.22,83,75,0.0,light rain
458,Huron,US,2022-04-25 21:28:16,41.1501,-82.5499,63.84,92,100,14.61,overcast clouds
459,Nyimba,ZM,2022-04-25 21:28:16,-14.5566,30.8149,68.56,83,10,4.0,clear sky
460,Selenginsk,RU,2022-04-25 21:28:17,52.0064,106.8647,19.81,93,96,4.56,overcast clouds
461,Meulaboh,ID,2022-04-25 21:24:13,4.1363,96.1285,75.83,91,100,2.57,light rain
462,Jeremie,HT,2022-04-25 21:28:17,18.65,-74.1167,78.31,79,68,3.47,broken clouds
463,Kruisfontein,ZA,2022-04-25 21:28:18,-34.0033,24.7314,53.89,85,1,7.23,clear sky
464,Ostrovnoy,RU,2022-04-25 21:24:32,68.0531,39.5131,34.45,98,100,10.54,light snow
465,Castanheira De Pera,PT,2022-04-25 21:28:19,40.0072,-8.2105,45.68,83,82,3.15,broken clouds
466,Christchurch,NZ,2022-04-25 21:27:57,-43.5333,172.6333,55.42,88,70,4.61,broken clouds
467,Dwarka,IN,2022-04-25 21:28:20,22.2394,68.9678,80.96,71,0,11.05,clear sky
468,Carbonia,IT,2022-04-25 21:28:20,39.1672,8.5222,56.35,72,23,4.16,few clouds
469,Mareeba,AU,2022-04-25 21:28:21,-17.0,145.4333,71.44,97,85,2.01,overcast clouds
470,Oistins,BB,2022-04-25 21:28:21,13.0667,-59.5333,75.29,100,75,12.66,broken clouds
471,Saint-Francois,FR,2022-04-25 21:28:21,46.4154,3.9054,50.68,100,65,2.3,light rain
472,Kavieng,PG,2022-04-25 21:28:22,-2.5744,150.7967,81.41,78,77,10.89,moderate rain
473,San Patricio,US,2022-04-25 21:28:22,28.017,-97.5169,86.09,57,94,18.12,overcast clouds
474,Amarillo,US,2022-04-25 21:26:28,35.222,-101.8313,66.09,30,40,4.61,scattered clouds
475,Tiznit,MA,2022-04-25 21:28:23,29.5833,-9.5,54.68,81,52,8.3,broken clouds
476,Lakhdenpokhya,RU,2022-04-25 21:28:23,61.5198,30.1992,38.53,99,100,3.09,overcast clouds
477,Camopi,GF,2022-04-25 21:28:24,3.1655,-52.3158,76.57,97,83,3.69,heavy intensity rain
478,Banda Aceh,ID,2022-04-25 21:28:24,5.5577,95.3222,78.48,84,100,13.47,heavy intensity rain
479,Baghdad,IQ,2022-04-25 21:27:06,33.3406,44.4009,73.31,56,75,4.61,light rain
480,Tomatlan,MX,2022-04-25 21:28:25,19.9333,-105.25,88.18,40,0,11.27,clear sky
481,Porterville,US,2022-04-25 21:28:26,36.0652,-119.0168,86.52,26,0,4.94,clear sky
482,Ranong,TH,2022-04-25 21:28:26,9.9658,98.6348,79.32,84,77,2.64,broken clouds
483,Asau,RO,2022-04-25 21:28:26,46.4333,26.4,51.28,83,2,6.62,clear sky
484,Whitehorse,CA,2022-04-25 21:24:54,60.7161,-135.0538,48.09,53,75,2.3,broken clouds
485,Krasnorechenskiy,RU,2022-04-25 21:28:27,44.6265,135.3532,42.01,64,6,3.6,clear sky
486,Guerrero Negro,MX,2022-04-25 21:28:27,27.9769,-114.0611,82.62,21,0,12.44,clear sky
487,Denpasar,ID,2022-04-25 21:26:25,-8.65,115.2167,78.46,88,20,4.61,few clouds
488,Palkonda,IN,2022-04-25 21:28:28,18.6,83.75,80.92,87,12,2.21,few clouds
489,Ngunguru,NZ,2022-04-25 21:28:28,-35.6167,174.5,61.99,75,3,8.08,clear sky
490,Imeni Poliny Osipenko,RU,2022-04-25 21:28:29,52.4201,136.4853,19.94,96,94,3.22,overcast clouds
491,Chermoz,RU,2022-04-25 21:29:29,58.787,56.1489,35.15,96,100,4.03,overcast clouds
492,Janakkala,FI,2022-04-25 21:29:30,60.9,24.6,38.79,84,95,5.46,overcast clouds
493,Polur,IN,2022-04-25 21:29:30,12.5,79.1333,80.55,75,5,3.13,clear sky
494,Mabaruma,GY,2022-04-25 21:29:31,8.2,-59.7833,78.87,90,100,3.94,overcast clouds
495,Cuautepec,MX,2022-04-25 21:28:50,16.7,-99.0,88.05,44,14,10.49,few clouds
496,Khorramshahr,IR,2022-04-25 21:29:31,30.4397,48.1664,73.36,64,40,9.22,scattered clouds
497,Bichis,RO,2022-04-25 21:29:32,46.3667,24.1,49.19,91,9,1.01,clear sky
498,San Vicente,AR,2022-04-25 21:29:32,-26.6167,-54.1333,75.94,66,3,5.5,clear sky
499,Kirovskiy,RU,2022-04-25 21:29:32,45.0917,133.5136,49.19,63,0,7.83,clear sky
500,Baracoa,CU,2022-04-25 21:29:33,20.3467,-74.4958,78.66,74,97,10.51,overcast clouds
501,Kandrian,PG,2022-04-25 21:29:33,-6.2167,149.55,78.33,87,89,4.38,light rain
502,Khandbari,NP,2022-04-25 21:29:34,27.3747,87.2039,68.76,46,1,3.76,clear sky
503,Marzuq,YE,2022-04-25 21:29:34,14.4,46.4667,75.6,56,100,3.69,overcast clouds
504,Krutikha,RU,2022-04-25 21:29:35,53.9599,81.2093,37.49,63,8,3.29,clear sky
505,Tokat,TR,2022-04-25 21:29:35,40.4167,36.5833,58.01,44,49,3.38,scattered clouds
506,Ugoofaaru,MV,2022-04-25 21:29:35,5.6667,73.0,84.04,72,43,3.74,scattered clouds
507,Saint George,US,2022-04-25 21:25:44,37.1041,-113.5841,78.44,11,0,4.61,clear sky
508,Sisophon,KH,2022-04-25 21:29:36,13.5859,102.9737,78.57,82,23,5.44,few clouds
509,Inirida,CO,2022-04-25 21:29:36,3.8653,-67.9239,82.26,83,100,3.15,overcast clouds
510,Birjand,IR,2022-04-25 21:29:37,32.8663,59.2211,70.27,17,0,18.41,clear sky
511,Bonavista,CA,2022-04-25 21:29:37,48.6499,-53.1147,37.09,87,94,14.34,overcast clouds
512,Bull Savanna,JM,2022-04-25 21:29:38,17.8868,-77.5902,79.81,68,42,14.2,scattered clouds
513,Paamiut,GL,2022-04-25 21:29:38,61.994,-49.6678,30.4,89,100,12.1,overcast clouds
514,Nishihara,JP,2022-04-25 21:28:10,26.1842,127.7558,76.68,97,100,13.8,overcast clouds
515,Ust-Maya,RU,2022-04-25 21:29:39,60.4167,134.5333,25.07,88,100,2.13,overcast clouds
516,Januaria,BR,2022-04-25 21:29:39,-15.4833,-44.3667,83.37,35,26,4.45,scattered clouds
517,Mumford,GH,2022-04-25 21:29:39,5.2618,-0.759,80.62,86,8,8.03,light rain
518,Jennings,US,2022-04-25 21:29:40,38.7192,-90.2604,61.14,51,75,16.11,broken clouds
519,Ensenada,MX,2022-04-25 21:25:02,31.8667,-116.6167,73.94,56,12,9.08,few clouds
520,Khani,GE,2022-04-25 21:29:40,41.9563,42.9566,53.17,57,0,6.69,clear sky
521,Requena,ES,2022-04-25 21:29:41,39.4883,-1.1004,49.51,75,11,4.83,few clouds
522,Aketi,CD,2022-04-25 21:29:41,2.7388,23.7833,70.86,99,100,0.78,moderate rain
523,Labuhan,ID,2022-04-25 21:29:42,-6.8844,112.2051,78.67,85,97,3.47,light rain
524,Porbandar,IN,2022-04-25 21:29:42,21.6422,69.6093,80.83,74,0,8.52,clear sky
525,Francavilla Al Mare,IT,2022-04-25 21:29:42,42.4206,14.287,59.54,86,1,4.61,clear sky
526,Loudi,CN,2022-04-25 21:29:43,27.7344,111.9944,69.85,96,100,2.57,overcast clouds
527,Urengoy,RU,2022-04-25 21:29:43,65.9667,78.3667,-0.81,99,68,5.84,broken clouds
528,Talagang,PK,2022-04-25 21:29:44,32.9297,72.4158,75.81,33,6,5.37,clear sky
529,Yichang,CN,2022-04-25 21:29:44,30.7144,111.2847,67.3,92,55,2.73,broken clouds
530,Maralal,KE,2022-04-25 21:26:30,1.0968,36.698,61.9,83,100,4.03,light rain
531,Zhongshu,CN,2022-04-25 21:29:45,24.5167,103.7667,59.74,56,0,4.81,clear sky
532,Taoudenni,ML,2022-04-25 21:29:45,22.6783,-3.9836,81.41,16,0,9.69,clear sky
533,Pahrump,US,2022-04-25 21:29:46,36.2083,-115.9839,80.26,8,45,3.0,scattered clouds
534,Idrinskoye,RU,2022-04-25 21:29:46,54.3708,92.1358,31.33,65,52,2.66,broken clouds
535,Khor,RU,2022-04-25 21:29:47,47.8861,134.9464,41.41,87,100,16.28,heavy intensity rain
536,Dunedin,NZ,2022-04-25 21:29:47,-45.8742,170.5036,52.81,57,30,15.01,scattered clouds
537,Ferrol,ES,2022-04-25 21:29:48,43.4832,-8.2369,59.68,74,92,4.52,overcast clouds
538,Missoula,US,2022-04-25 21:29:48,47.0166,-113.8009,58.84,25,100,5.73,overcast clouds
539,Selcuk,TR,2022-04-25 21:29:49,37.9514,27.3685,63.01,71,57,2.01,broken clouds
540,Bahia Honda,CU,2022-04-25 21:30:49,22.9036,-83.1592,81.37,65,22,16.22,few clouds
541,Vanderhoof,CA,2022-04-25 21:30:49,54.0166,-124.0198,51.87,35,100,6.49,overcast clouds
542,Praia Da Vitoria,PT,2022-04-25 21:30:50,38.7333,-27.0667,59.25,82,20,8.63,few clouds
543,Cizre,TR,2022-04-25 21:30:51,37.3272,42.1903,64.15,67,81,2.42,broken clouds
544,Portmore,JM,2022-04-25 21:30:51,17.9702,-76.8672,82.36,71,75,20.71,broken clouds
545,Shchelkun,RU,2022-04-25 21:30:51,56.3034,60.9483,27.97,89,99,0.89,overcast clouds
546,Arys,KZ,2022-04-25 21:30:52,42.4252,68.795,54.66,52,100,5.35,overcast clouds
547,Batman,TR,2022-04-25 21:30:53,37.8874,41.1322,64.2,63,0,9.22,clear sky
548,Guna,IN,2022-04-25 21:30:53,24.65,77.3167,84.74,15,0,10.63,clear sky
549,Filingue,NE,2022-04-25 21:30:54,14.3521,3.3168,89.11,9,99,7.87,overcast clouds
550,Corpus Christi,US,2022-04-25 21:30:03,27.8006,-97.3964,86.23,76,75,19.57,broken clouds
551,Coihaique,CL,2022-04-25 21:30:55,-45.5752,-72.0662,45.21,93,100,4.61,moderate rain
552,Bodo,NO,2022-04-25 21:30:55,67.28,14.405,33.84,70,75,14.97,broken clouds
553,Marsh Harbour,BS,2022-04-25 21:30:56,26.5412,-77.0636,74.75,66,2,14.0,clear sky
554,Kindersley,CA,2022-04-25 21:30:57,51.4668,-109.1682,59.02,29,40,24.16,scattered clouds
555,Namibe,AO,2022-04-25 21:26:30,-15.1961,12.1522,71.2,77,2,5.06,clear sky
556,Mago,RU,2022-04-25 21:30:57,53.2514,140.1822,26.44,87,80,0.02,broken clouds
557,Yaransk,RU,2022-04-25 21:30:58,57.3033,47.8861,48.76,91,96,10.54,overcast clouds
558,Hohhot,CN,2022-04-25 21:30:59,40.8106,111.6522,37.69,23,20,11.18,few clouds
559,Komsomolskiy,UZ,2022-04-25 21:30:59,40.4272,71.7189,59.72,72,76,4.61,broken clouds
560,Joshimath,IN,2022-04-25 21:31:00,30.5667,79.5667,55.2,50,4,8.16,clear sky
561,Houston,US,2022-04-25 21:29:44,29.7633,-95.3633,69.8,94,100,20.71,thunderstorm
562,Barra Patuca,HN,2022-04-25 21:31:01,15.8,-84.2833,81.93,74,16,10.11,few clouds
563,Gawler,AU,2022-04-25 21:31:02,-34.6,138.7333,66.24,75,100,10.76,overcast clouds
564,Mungwi,ZM,2022-04-25 21:31:02,-10.1732,31.3694,61.23,97,82,2.84,broken clouds
565,Pecos,US,2022-04-25 21:31:03,31.4229,-103.4932,77.09,23,75,8.05,broken clouds
566,Muravlenko,RU,2022-04-25 21:31:04,63.7898,74.523,22.08,95,99,2.95,overcast clouds
567,Karasjok,NO,2022-04-25 21:31:05,69.4719,25.5112,24.82,85,61,16.13,broken clouds
568,Port Blair,IN,2022-04-25 21:30:00,11.6667,92.75,80.64,89,20,0.0,mist
569,San Andres,CO,2022-04-25 21:26:32,12.5847,-81.7006,86.02,74,20,10.36,few clouds
570,Dmytrivka,UA,2022-04-25 21:31:06,45.9717,28.9864,55.89,76,99,6.42,overcast clouds
571,Okmulgee,US,2022-04-25 21:29:01,35.6234,-95.9605,67.08,39,0,5.75,clear sky
572,Vostok,RU,2022-04-25 21:31:07,46.4856,135.8833,43.43,67,99,5.91,overcast clouds
573,Xinmin,CN,2022-04-25 21:31:07,41.9908,122.8253,56.77,86,79,8.23,broken clouds
574,Klaksvik,FO,2022-04-25 21:31:08,62.2266,-6.589,36.52,76,100,13.33,overcast clouds
575,Mae Sai,TH,2022-04-25 21:31:08,20.4335,99.8762,75.69,59,13,1.9,few clouds
576,Guiglo,CI,2022-04-25 21:31:09,6.5456,-7.4966,76.59,86,100,3.85,overcast clouds
577,Mecca,SA,2022-04-25 21:31:09,21.4267,39.8261,81.28,60,0,0.78,clear sky
578,Gimli,CA,2022-04-25 21:31:09,50.6336,-96.9907,21.22,79,100,18.41,overcast clouds
579,Korla,CN,2022-04-25 21:31:10,41.7597,86.1469,58.82,31,100,20.89,overcast clouds
580,Leibnitz,AT,2022-04-25 21:31:11,46.7816,15.5384,55.04,78,95,1.01,overcast clouds
581,Katherine,AU,2022-04-25 21:31:11,-14.4667,132.2667,75.52,78,96,4.61,overcast clouds
582,Williston,US,2022-04-25 21:31:12,48.147,-103.618,38.14,51,57,8.23,broken clouds
583,Porto Belo,BR,2022-04-25 21:31:12,-27.1578,-48.5531,75.15,92,40,10.29,scattered clouds
584,Lodwar,KE,2022-04-25 21:31:12,3.1191,35.5973,77.07,71,97,14.97,light rain
585,Roudnice,CZ,2022-04-25 21:31:13,50.1762,15.6517,46.31,90,100,2.3,overcast clouds
586,Tucuma,BR,2022-04-25 21:32:14,-0.1833,-50.05,76.95,92,93,6.6,light rain
587,Moussoro,TD,2022-04-25 21:32:14,13.6408,16.4901,91.56,26,90,8.46,overcast clouds
588,Monschau,DE,2022-04-25 21:32:15,50.55,6.25,43.47,91,59,2.62,broken clouds
589,Atambua,ID,2022-04-25 21:32:15,-9.1061,124.8925,69.84,72,85,3.09,overcast clouds
590,Marystown,CA,2022-04-25 21:31:49,47.1666,-55.1483,46.85,100,65,11.99,broken clouds
591,Macau,MO,2022-04-25 21:32:16,22.2006,113.5461,80.4,100,40,6.91,scattered clouds
592,Domoni,KM,2022-04-25 21:32:16,-12.2569,44.5319,79.2,86,85,2.26,overcast clouds
593,Cristobal Obregon,MX,2022-04-25 21:32:16,16.35,-93.5333,88.7,42,55,6.96,broken clouds
594,Bell Ville,AR,2022-04-25 21:32:17,-32.6259,-62.6887,73.67,76,30,7.52,scattered clouds
595,Porto Seguro,BR,2022-04-25 21:32:17,-16.4497,-39.0647,81.12,78,20,4.61,few clouds
596,Deputatskiy,RU,2022-04-25 21:32:18,69.3,139.9,9.18,94,100,0.81,overcast clouds
597,Hami,CN,2022-04-25 21:32:18,42.8,93.45,61.16,24,99,12.1,overcast clouds
598,Shunyi,CN,2022-04-25 21:32:19,40.125,116.6453,67.95,11,0,22.37,clear sky
599,Verkh-Usugli,RU,2022-04-25 21:32:19,52.7,115.1667,26.92,58,100,5.41,overcast clouds
600,Mayor Pablo Lagerenza,PY,2022-04-25 21:32:20,-19.9309,-60.7718,95.09,31,26,12.33,scattered clouds
601,Ati,TD,2022-04-25 21:32:20,13.2154,18.3353,88.54,36,86,8.86,overcast clouds
602,Nanfeng,CN,2022-04-25 21:32:21,23.7434,111.7959,72.79,98,15,2.17,few clouds
603,Tres Lagoas,BR,2022-04-25 21:32:21,-20.7511,-51.6783,83.61,43,95,5.41,overcast clouds
604,Skibbereen,IE,2022-04-25 21:32:22,51.55,-9.2667,51.12,90,23,11.12,few clouds
605,Morant Bay,JM,2022-04-25 21:32:22,17.8815,-76.4093,82.02,72,29,11.14,scattered clouds
606,Berlevag,NO,2022-04-25 21:32:22,70.8578,29.0864,30.15,93,100,21.85,overcast clouds
607,Peruibe,BR,2022-04-25 21:32:23,-24.32,-46.9983,71.71,94,54,6.87,broken clouds
608,Gerash,IR,2022-04-25 21:32:23,27.6652,54.1371,73.54,25,100,2.66,overcast clouds
609,Gat,IL,2022-04-25 21:32:24,31.61,34.7642,78.4,100,0,2.75,clear sky
610,Dong Xoai,VN,2022-04-25 21:32:24,11.5333,106.9167,76.14,93,61,3.49,broken clouds
611,Vallenar,CL,2022-04-25 21:29:54,-28.5708,-70.7581,76.73,32,0,7.05,clear sky
612,Arman,RU,2022-04-25 21:32:25,59.7,150.1667,28.78,61,100,10.65,overcast clouds
613,Itacare,BR,2022-04-25 21:32:25,-14.2775,-38.9967,76.1,88,52,9.62,broken clouds
614,Manaus,BR,2022-04-25 21:32:25,-3.1019,-60.025,88.3,62,40,4.61,scattered clouds
615,Ekhabi,RU,2022-04-25 21:32:26,53.5102,142.9671,29.46,81,6,9.75,clear sky
616,Teya,RU,2022-04-25 21:32:26,60.3778,92.6267,30.34,98,100,4.7,light snow
617,Gigmoto,PH,2022-04-25 21:32:27,13.7796,124.39,80.83,87,97,10.67,overcast clouds
618,Ayr,GB,2022-04-25 21:32:27,55.4627,-4.6339,49.98,66,20,6.91,few clouds
619,Puerto Madryn,AR,2022-04-25 21:32:27,-42.7692,-65.0385,60.44,33,100,21.07,overcast clouds
620,Evensk,RU,2022-04-25 21:32:28,61.95,159.2333,29.32,75,100,20.36,overcast clouds
621,Kula,TR,2022-04-25 21:32:28,38.5473,28.6498,56.26,54,21,1.83,few clouds
622,Abbeville,FR,2022-04-25 21:32:29,50.1,1.8333,50.25,94,16,5.1,few clouds
623,Laguna,US,2022-04-25 21:32:29,38.421,-121.4238,83.14,26,0,9.22,clear sky
624,Staraya Poltavka,RU,2022-04-25 21:32:30,50.4772,46.4814,56.32,66,64,11.95,broken clouds
625,Muttupet,IN,2022-04-25 21:32:30,10.4,79.4833,82.53,76,70,5.1,broken clouds
626,Qasigiannguit,GL,2022-04-25 21:32:30,68.8193,-51.1922,26.85,93,100,4.76,overcast clouds
627,Malpe,IN,2022-04-25 21:32:31,13.35,74.7167,81.7,84,93,3.24,overcast clouds
628,Santo Tomas,PH,2022-04-25 21:32:31,14.1079,121.1414,80.85,90,38,5.1,scattered clouds
629,Kodinsk,RU,2022-04-25 21:32:32,58.6881,99.1844,23.05,99,86,3.04,overcast clouds
630,Verkhoyansk,RU,2022-04-25 21:32:32,67.5447,133.385,12.7,95,99,2.06,overcast clouds
631,Lochristi,BE,2022-04-25 21:32:33,51.1065,3.8566,50.07,79,80,7.81,broken clouds
632,Malaya Vishera,RU,2022-04-25 21:33:33,58.8454,32.2222,39.85,96,100,4.54,overcast clouds
633,Isla Vista,US,2022-04-25 21:33:33,34.4133,-119.861,89.01,27,0,8.05,clear sky
634,Waingapu,ID,2022-04-25 21:33:34,-9.6567,120.2641,75.58,66,100,3.2,overcast clouds
635,Dauphin,CA,2022-04-25 21:33:34,51.1494,-100.0502,26.74,54,0,5.75,clear sky
636,Olinda,BR,2022-04-25 21:33:35,-8.0089,-34.8553,80.33,89,75,5.75,broken clouds
637,Suhindol,BG,2022-04-25 21:33:35,43.1917,25.1811,58.26,71,37,5.68,scattered clouds
638,Kirakira,SB,2022-04-25 21:29:01,-10.4544,161.9205,82.29,80,93,3.49,overcast clouds
639,Dom Pedrito,BR,2022-04-25 21:33:36,-30.9828,-54.6731,67.96,99,100,2.64,moderate rain
640,Benguela,AO,2022-04-25 21:29:57,-12.5763,13.4055,74.44,87,18,2.82,few clouds
641,Grants,US,2022-04-25 21:33:36,35.1473,-107.8514,64.63,9,0,4.61,clear sky
642,Hvide Sande,DK,2022-04-25 21:33:37,56.0045,8.1294,42.1,88,10,9.78,clear sky
643,Jaguarao,BR,2022-04-25 21:33:37,-32.5661,-53.3758,67.24,92,100,9.51,light rain
644,Gazli,UZ,2022-04-25 21:33:38,40.1333,63.45,66.65,30,100,11.48,overcast clouds
645,Jerome,US,2022-04-25 21:33:01,42.7241,-114.5186,68.04,24,0,5.75,clear sky
646,Anadyr,RU,2022-04-25 21:33:38,64.75,177.4833,27.1,68,0,22.37,clear sky
647,Aras,ES,2022-04-25 21:33:39,42.5617,-2.356,53.73,82,0,3.44,clear sky
648,Barra Do Garcas,BR,2022-04-25 21:33:39,-15.89,-52.2567,81.73,59,46,1.16,scattered clouds
649,Svolvaer,NO,2022-04-25 21:33:39,68.2342,14.5683,32.18,59,75,13.8,broken clouds
650,La Orilla,MX,2022-04-25 21:33:40,17.9833,-102.2333,83.1,49,55,11.43,broken clouds
651,Derzhavinsk,KZ,2022-04-25 21:33:40,51.1,66.3167,48.51,36,9,7.85,clear sky
652,Belaya Gora,RU,2022-04-25 21:33:41,68.5333,146.4167,11.07,90,74,1.88,broken clouds
653,Betioky,MG,2022-04-25 21:33:41,-23.7167,44.3833,72.95,73,87,6.89,overcast clouds
654,Santa Barbara,US,2022-04-25 21:33:33,34.7333,-120.0343,82.0,12,0,11.5,clear sky
655,Orocue,CO,2022-04-25 21:33:42,4.7912,-71.3354,86.04,62,75,3.27,broken clouds
